<?xml version="1.0" encoding="UTF-8"?>
<ti:app xmlns:ti="http://ti.appcelerator.org">
    <id>com.shiva.helloworld</id>
    <name>Helloworld</name>
    <version>1.0</version>
    <publisher>Shiva</publisher>
    <url>https://branded.com/sivakumar-g</url>
    <description>Demo for self improvement</description>
    <copyright>2017 by Shiva</copyright>
    <icon>appicon.png</icon>
    <fullscreen>false</fullscreen>
    <navbar-hidden>false</navbar-hidden>
    <analytics>true</analytics>
    <guid>79688a58-6230-436b-9fff-62b5bd744849</guid>
    <property name="ti.ui.defaultunit" type="string">dp</property>
    <property name="run-on-main-thread" type="bool">true</property>
    <ios>
        <enable-launch-screen-storyboard>true</enable-launch-screen-storyboard>
        <use-app-thinning>true</use-app-thinning>
        <plist>
            <dict>
                <key>UISupportedInterfaceOrientations~iphone</key>
                <array>
                    <string>UIInterfaceOrientationPortrait</string>
                </array>
                <key>UISupportedInterfaceOrientations~ipad</key>
                <array>
                    <string>UIInterfaceOrientationPortrait</string>
                    <string>UIInterfaceOrientationPortraitUpsideDown</string>
                    <string>UIInterfaceOrientationLandscapeLeft</string>
                    <string>UIInterfaceOrientationLandscapeRight</string>
                </array>
                <key>UIRequiresPersistentWiFi</key>
                <false/>
                <key>UIPrerenderedIcon</key>
                <false/>
                <key>UIStatusBarHidden</key>
                <false/>
                <key>UIStatusBarStyle</key>
                <string>UIStatusBarStyleDefault</string>
            </dict>
        </plist>
    </ios>
    <android xmlns:android="http://schemas.android.com/apk/res/android"/>
    <mobileweb>
        <precache/>
        <splash>
            <enabled>true</enabled>
            <inline-css-images>true</inline-css-images>
        </splash>
        <theme>default</theme>
    </mobileweb>
    <modules/>
    <deployment-targets>
        <target device="android">true</target>
        <target device="ipad">false</target>
        <target device="iphone">true</target>
        <target device="mobileweb">false</target>
    </deployment-targets>
    <sdk-version>6.0.1.GA</sdk-version>
    <plugins>
        <plugin version="1.0">ti.alloy</plugin>
    </plugins>
    <property name="appc-app-id" type="string">58aecbd5ad513032202264ec</property>
</ti:app>
